S.No.,Name,Time
1,Osama,4.4632933139801025
2,Osama,4.83844780921936
3,Osama,5.007063627243042
4,Osama,5.208170652389526
5,Osama,5.319781303405762
6,Osama,5.629376411437988
7,Osama,5.872251987457275
8,Osama,5.953228235244751
