S.No.,Name,Time
1,Tom,1.772742509841919
2,Tom,1.886564016342163
